insert into FIELD_HOSPITAL (name, capacity, available, created_at, updated_at) values ('Bệnh viện dã chiến thu dung điều trị COVID-19 số 1', 200, 47, '10/26/2021', '12/1/2021');
insert into FIELD_HOSPITAL (name, capacity, available, created_at, updated_at) values ('Bệnh viện dã chiến thu dung điều trị COVID-19 số 2', 200, 53, '8/5/2021', '9/27/2021');
insert into FIELD_HOSPITAL (name, capacity, available, created_at, updated_at) values ('Bệnh viện dã chiến thu dung điều trị COVID-19 số 3', 300, 47, '9/20/2021', '9/27/2021');
insert into FIELD_HOSPITAL (name, capacity, available, created_at, updated_at) values ('Bệnh viện dã chiến thu dung điều trị COVID-19 số 4', 400, 98, '4/28/2021', '5/20/2021');
insert into FIELD_HOSPITAL (name, capacity, available, created_at, updated_at) values ('Bệnh viện dã chiến thu dung điều trị COVID-19 số 5', 300, 24, '6/11/2021', '7/2/2021');
insert into FIELD_HOSPITAL (name, capacity, available, created_at, updated_at) values ('Bệnh viện dã chiến thu dung điều trị COVID-19 số 6', 200, 91, '12/2/2020', '12/6/2021');
insert into FIELD_HOSPITAL (name, capacity, available, created_at, updated_at) values ('Bệnh viện dã chiến thu dung điều trị COVID-19 số 7', 300, 73, '7/8/2021', '8/22/2021');
insert into FIELD_HOSPITAL (name, capacity, available, created_at, updated_at) values ('Bệnh viện dã chiến thu dung điều trị COVID-19 số 8', 400, 71, '5/18/2021', '5/31/2021');
insert into FIELD_HOSPITAL (name, capacity, available, created_at, updated_at) values ('Bệnh viện dã chiến thu dung điều trị COVID-19 số 9', 400, 66, '11/22/2021', '12/10/2021');
insert into FIELD_HOSPITAL (name, capacity, available, created_at, updated_at) values ('Bệnh viện dã chiến thu dung điều trị COVID-19 số 10', 300, 34, '4/26/2021', '8/15/2021');

insert into PATIENT (id_field_hospital, first_name, status, last_name, identity_number, province, district, ward, created_at, updated_at) values (1, 'Quang An', 3, 'Nguyễn', '123456789111', 'TP Hồ Chí Minh', 'Quận 1', '​Phường 1', '8/3/2021', '9/10/2021');
insert into PATIENT (id_field_hospital, first_name, status, last_name, identity_number, province, district, ward, created_at, updated_at) values (1, 'Thị Ngọc Mai', 1, 'Nguyễn', '123456789112', 'TP Hồ Chí Minh', 'Quận Bình Tân', '​Phường 2', '3/30/2021', '4/27/2021');
insert into PATIENT (id_field_hospital, first_name, status, last_name, identity_number, province, district, ward, created_at, updated_at) values (2, 'Thái Thành', 1, 'Huỳnh', '123456789113', 'TP Hồ Chí Minh', 'Quận Bình Thạnh', '​Phường 3', '1/24/2021', '2/26/2021');
insert into PATIENT (id_field_hospital, first_name, status, last_name, identity_number, province, district, ward, created_at, updated_at) values (2, 'Văn Tiệp', 3, 'Hoàng', '123456789114', 'TP Hồ Chí Minh', 'Quận Gò Vấp', '​Phường 4', '6/7/2021', '7/10/2021');
insert into PATIENT (id_field_hospital, first_name, status, last_name, identity_number, province, district, ward, created_at, updated_at) values (3, 'Đình Quốc Hiếu', 0, 'Nguyễn', '123456789115', 'TP Hồ Chí Minh', 'Quận Phú Nhuận', '​Phường 5', '8/8/2021', '9/3/2021');
insert into PATIENT (id_field_hospital, first_name, status, last_name, identity_number, province, district, ward, created_at, updated_at) values (3, 'Trường Huy', 3, 'Ngô', '123456789116', 'TP Hồ Chí Minh', 'Quận Tân Phú', '​Phường 6', '5/2/2021', '6/10/2021');
insert into PATIENT (id_field_hospital, first_name, status, last_name, identity_number, province, district, ward, created_at, updated_at) values (4, 'Quang Bảo', 3, 'Bùi', '123456789117', 'TP Hồ Chí Minh', 'Quận 3', '​Phường 7', '9/6/2021', '10/1/2021');
insert into PATIENT (id_field_hospital, first_name, status, last_name, identity_number, province, district, ward, created_at, updated_at) values (4, 'Văn Đạt', 3, 'Nguyễn', '123456789118', 'TP Hồ Chí Minh', 'Quận 5', '​Phường 8', '10/18/2021', '11/30/2021');
insert into PATIENT (id_field_hospital, first_name, status, last_name, identity_number, province, district, ward, created_at, updated_at) values (5, 'Hoàng Sơn', 0, 'Nguyễn', '123456789119', 'TP Hồ Chí Minh', 'Quận 12', '​Phường 9', '12/1/2020', '12/13/2021');
insert into PATIENT (id_field_hospital, first_name, status, last_name, identity_number, province, district, ward, created_at, updated_at) values (5, 'Thanh Bình', 3, 'Lê', '123456789120', 'TP Hồ Chí Minh', 'Quận 10', '​Phường 10', '4/1/2021', '5/17/2021');
insert into PATIENT (id_field_hospital, first_name, status, last_name, identity_number, province, district, ward, created_at, updated_at) values (6, 'Duy Nến', 2, 'Nguyễn', '123456789121', 'TP Hồ Chí Minh', 'Quận 3', '​Phường 11', '8/6/2021', '9/7/2021');
insert into PATIENT (id_field_hospital, first_name, status, last_name, identity_number, province, district, ward, created_at, updated_at) values (6, 'Khánh Ly', 3, 'Huỳnh', '123456789122', 'TP Hồ Chí Minh', 'Quận 1', '​Phường 12', '3/21/2021', '4/6/2021');
insert into PATIENT (id_field_hospital, first_name, status, last_name, identity_number, province, district, ward, created_at, updated_at) values (7, 'Việt Anh', 1, 'Nguyễn', '123456789123', 'TP Hồ Chí Minh', 'Quận 1', '​Phường 13', '1/2/2021', '2/16/2021');
insert into PATIENT (id_field_hospital, first_name, status, last_name, identity_number, province, district, ward, created_at, updated_at) values (7, 'Ngọc Trân', 3, 'Võ', '123456789124', 'TP Hồ Chí Minh', 'Quận 2', '​Phường 14', '6/16/2021', '7/23/2021');
insert into PATIENT (id_field_hospital, first_name, status, last_name, identity_number, province, district, ward, created_at, updated_at) values (8, 'Huyền Châu', 3, 'Trần', '123456789125', 'TP Hồ Chí Minh', 'Quận 1', '​Phường 15', '8/16/2021', '9/12/2021');
insert into PATIENT (id_field_hospital, first_name, status, last_name, identity_number, province, district, ward, created_at, updated_at) values (8, 'Thị Thùy Trang', 3, 'Lê', '123456789126', 'TP Hồ Chí Minh', 'Quận 6', '​Phường 16', '5/25/2021', '6/4/2021');
insert into PATIENT (id_field_hospital, first_name, status, last_name, identity_number, province, district, ward, created_at, updated_at) values (9, 'Công Nhật Tùng', 3, 'Nguyễn', '123456789127', 'TP Hồ Chí Minh', 'Quận 2', '​Phường 17', '9/16/2021', '10/4/2021');
insert into PATIENT (id_field_hospital, first_name, status, last_name, identity_number, province, district, ward, created_at, updated_at) values (9, 'Đức Thắng', 3, 'Đặng', '123456789128', 'TP Hồ Chí Minh', 'Quận 4', '​Phường 18', '10/30/2021', '11/3/2021');
insert into PATIENT (id_field_hospital, first_name, status, last_name, identity_number, province, district, ward, created_at, updated_at) values (10, 'Thế Nam', 0, 'Nguyễn', '123456789129', 'TP Hồ Chí Minh', 'Quận 2', '​Phường 19', '12/1/2020', '12/7/2021');
insert into PATIENT (id_field_hospital, first_name, status, last_name, identity_number, province, district, ward, created_at, updated_at) values (10, 'Thị Nhi', 3, 'Trương', '123456789130', 'TP Hồ Chí Minh', 'Quận 2', '​Phường 20', '4/5/2021', '5/6/2021');

insert into MG_USER (id_patient, email, password, avatar, attempt, role, status, created_at, updated_at) values (1, 'an@gmail.com', '$2a$12$d3wmm/5/N5GtZVbUAB997elO12RgHhJZYkpckAfm7JLsxfJaoRGee', 'https://robohash.org/architectomagnamdoloremque.png?size=50x50&set=set1', 0, 3, 1, '8/3/2021', '9/10/2021');
insert into MG_USER (id_patient, email, password, avatar, attempt, role, status, created_at, updated_at) values (2, 'mai@gmail.com', '$2a$12$d1eQKkqI8Y3jvFBTW5qoauJWQSIpsNThkRhGE1V43vV5MrnQ61onC', 'https://robohash.org/minuspariaturqui.png?size=50x50&set=set1', 0, 3, 1, '3/30/2021', '4/27/2021');
insert into MG_USER (id_patient, email, password, avatar, attempt, role, status, created_at, updated_at) values (3, 'thanh@gmail.com', '$2a$12$PFsjse0FUKII4gb9Il16ce2kDbDsJ7AljTr2x5PWjUXD3aH9EZUva', 'https://robohash.org/sitoditreprehenderit.png?size=50x50&set=set1', 0, 3, 1, '1/24/2021', '2/26/2021');
insert into MG_USER (id_patient, email, password, avatar, attempt, role, status, created_at, updated_at) values (4, 'tiep@gmail.com', '$2a$12$pxzL8g161q1mBMY0WzrpJ.1QDHobFOsOVWqcoqZR6R5cLJlS1qw7W', 'https://robohash.org/illovoluptatesdeserunt.png?size=50x50&set=set1', 0, 3, 1, '6/7/2021', '7/10/2021');
insert into MG_USER (id_patient, email, password, avatar, attempt, role, status, created_at, updated_at) values (5, 'hieu@gmail.com', '$2a$12$cAqpaP37/nunIddFFdKpOO9wsl3yEkZIVwj3RqMAZCnC.KJnNmZnC', 'https://robohash.org/nonautenim.png?size=50x50&set=set1', 0, 3, 1, '8/8/2021', '9/3/2021');
insert into MG_USER (id_patient, email, password, avatar, attempt, role, status, created_at, updated_at) values (6, 'huy@gmail.com', '$2a$12$HuT/4eMNnr1IOxBMt7hn.uIp25fU7nRp2mNCevKTZ6L5f8qLyM28m', 'https://robohash.org/dolorumaqui.png?size=50x50&set=set1', 0, 3, 1, '5/2/2021', '6/10/2021');
insert into MG_USER (id_patient, email, password, avatar, attempt, role, status, created_at, updated_at) values (7, 'bao@gmail.com', '$2a$12$0TqGn41QXI/nfEeK2MmNnuF7G.OZKUA3Tg/sJY1re.Bm95qTAar/e', 'https://robohash.org/odioidquaerat.png?size=50x50&set=set1', 0, 3, 1, '9/6/2021', '10/1/2021');
insert into MG_USER (id_patient, email, password, avatar, attempt, role, status, created_at, updated_at) values (8, 'dat@gmail.com', '$2a$12$mWI8J3ZjhewPyAqMkffo7.gvrztpyRwdXasLqZiQQYl/dEj0IntMW', 'https://robohash.org/quaeratutvoluptas.png?size=50x50&set=set1', 0, 3, 1, '10/18/2021', '11/30/2021');
insert into MG_USER (id_patient, email, password, avatar, attempt, role, status, created_at, updated_at) values (9, 'son@gmail.com', '$2a$12$zlVwCY6OmwKYMXGFwOs7CuuEbOEvVocDGXwnDaW5HP9G.JDZEpmqq', 'https://robohash.org/idetporro.png?size=50x50&set=set1', 0, 3, 1, '12/1/2020', '12/13/2021');
insert into MG_USER (id_patient, email, password, avatar, attempt, role, status, created_at, updated_at) values (10, 'binh@gmail.com', '$2a$12$IBMFmwjJ03ih5IT7sxRYjeFrnMCllaFX0OA6VXm5qAxo1hsZ9eOwO', 'https://robohash.org/voluptasuteos.png?size=50x50&set=set1', 0, 3, 1, '4/1/2021', '5/17/2021');
insert into MG_USER (id_patient, email, password, avatar, attempt, role, status, created_at, updated_at) values (11, 'duy@gmail.com', '$2a$12$To18ecFNSB0RGDzMTS/yNOUovv3kjFBGsOtUzdecliEL5rCYA4x8a', 'https://robohash.org/architectomagnamdoloremque.png?size=50x50&set=set1', 0, 3, 1, '8/6/2021', '9/7/2021');
insert into MG_USER (id_patient, email, password, avatar, attempt, role, status, created_at, updated_at) values (12, 'ly@gmail.com', '$2a$12$a5zmWKXRmWwVwy5M/XFDPOZChDyNjqVN4SQ8AqMoZdRFSGI/5m4Nm', 'https://robohash.org/minuspariaturqui.png?size=50x50&set=set1', 0, 3, 1, '3/21/2021', '4/6/2021');
insert into MG_USER (id_patient, email, password, avatar, attempt, role, status, created_at, updated_at) values (13, 'anh@gravatar.com', '$2a$12$xUWB7s34IsZXaW.NLgK3d.x3OxsuXOpOfxOeTEvYjRaXUv9gyMway', 'https://robohash.org/sitoditreprehenderit.png?size=50x50&set=set1', 0, 3, 1, '1/2/2021', '2/16/2021');
insert into MG_USER (id_patient, email, password, avatar, attempt, role, status, created_at, updated_at) values (14, 'tran@gmail.com', '$2a$12$odObEkfM/NDagpeFxL.n8.Q.JoiXX4vzLcfWAXcR.Zyv8rE2.fwsK', 'https://robohash.org/illovoluptatesdeserunt.png?size=50x50&set=set1', 0, 3, 1, '6/16/2021', '7/23/2021');
insert into MG_USER (id_patient, email, password, avatar, attempt, role, status, created_at, updated_at) values (15, 'chau@gmail.com', '$2a$12$TruQbj1o2PGu9o8U9RdLheIhio8ExQRlf78N9Mi48iR5MwbRvTYD6', 'https://robohash.org/nonautenim.png?size=50x50&set=set1', 0, 3, 1, '8/16/2021', '9/12/2021');
insert into MG_USER (id_patient, email, password, avatar, attempt, role, status, created_at, updated_at) values (16, 'trang@gmail.com', '$2a$12$RGwdyKfDJzvwSgN0COR52uBXULuPAUGEgpwTd7aowfk.FZ6M8YEDe', 'https://robohash.org/dolorumaqui.png?size=50x50&set=set1', 0, 3, 1, '5/25/2021', '6/4/2021');
insert into MG_USER (id_patient, email, password, avatar, attempt, role, status, created_at, updated_at) values (17, 'tung@gmail.com', '$2a$12$mMHNAN4URPheiTrw7orke.KoA8PKQUpZpxFs1Bvc1/AQrM1.WAGaC', 'https://robohash.org/odioidquaerat.png?size=50x50&set=set1', 0, 3, 1, '9/16/2021', '10/4/2021');
insert into MG_USER (id_patient, email, password, avatar, attempt, role, status, created_at, updated_at) values (18, 'thang@gmail.com', '$2a$12$mZ1Qnb5tYnKI18oQZ1vJe.UDdp1S2uyUULUVd3xhIpRe.JxMkeIte', 'https://robohash.org/quaeratutvoluptas.png?size=50x50&set=set1', 0, 3, 1, '10/30/2021', '11/3/2021');
insert into MG_USER (id_patient, email, password, avatar, attempt, role, status, created_at, updated_at) values (19, 'nam@gmail.com', '$2a$12$OsmqzaLFz8godEy9uV/zfOEH9t7UGaMGHuCXQGu/HNK.XMwbNhVZm', 'https://robohash.org/idetporro.png?size=50x50&set=set1', 0, 3, 1, '12/1/2020', '12/7/2021');
insert into MG_USER (id_patient, email, password, avatar, attempt, role, status, created_at, updated_at) values (20, 'nhi@gmail.com', '$2a$12$.c33C2KkVVpqLLXYq./xouqGkGlspSlJOrwGU0RHd71lnnzgZivg6', 'https://robohash.org/voluptasuteos.png?size=50x50&set=set1', 0, 3, 1, '4/5/2021', '5/6/2021');
insert into MG_USER (id_patient, email, password, avatar, attempt, role, status, created_at, updated_at) values (null, 'admin@gmail.com', '$2a$12$zOQv5ANE/2kXbs3QCZYnAejcYGKSvLnXzcw6B5M6bzurU9CFbzAVu', 'https://robohash.org/quaeratutvoluptas.png?size=50x50&set=set1', 0, 1, 1, '1/1/2021', '1/2/2021');
insert into MG_USER (id_patient, email, password, avatar, attempt, role, status, created_at, updated_at) values (null, 'mag1@gmail.com', '$2a$12$2f.aFMKhN7mZEmoThJUYz.bCs8aXu8YHYWxn/nw1YQP5qLf0j.uVi', 'https://robohash.org/idetporro.png?size=50x50&set=set1', 0, 2, 1, '1/1/2021', '1/2/2021');
insert into MG_USER (id_patient, email, password, avatar, attempt, role, status, created_at, updated_at) values (null, 'mag2@gmail.com', '$2a$12$7euWzztFGBJeiqfpePjJtu8askk.bDJhRCDvW9ZHbEEeyXnyLvjV6', 'https://robohash.org/voluptasuteos.png?size=50x50&set=set1', 0, 2, 1, '1/1/2021', '1/2/2021');

insert into NECESSITIES (name, price, unit, created_at, updated_at) values ('Đồ bảo hộ', 20000, 'Kg', '1/1/2021', '1/2/2021');
insert into NECESSITIES (name, price, unit, created_at, updated_at) values ('Thuốc hạ sốt', 5000, 'Chai', '1/1/2021', '1/2/2021');
insert into NECESSITIES (name, price, unit, created_at, updated_at) values ('Thuốt xịt mũi', 100000, 'Kg', '1/1/2021', '1/2/2021');
insert into NECESSITIES (name, price, unit, created_at, updated_at) values ('Nước muối sát khuẩn', 100000, 'Kg', '1/1/2021', '1/2/2021');
insert into NECESSITIES (name, price, unit, created_at, updated_at) values ('Nhiệt kế', 20000, 'Gói', '1/1/2021', '1/2/2021');
insert into NECESSITIES (name, price, unit, created_at, updated_at) values ('Kit test nhanh', 40000, 'Cái', '1/1/2021', '1/2/2021');
insert into NECESSITIES (name, price, unit, created_at, updated_at) values ('Kính bảo hộ', 50000, 'Tuýp', '1/1/2021', '1/2/2021');
insert into NECESSITIES (name, price, unit, created_at, updated_at) values ('Khẩu trang', 100000, 'Cái', '1/1/2021', '1/2/2021');
insert into NECESSITIES (name, price, unit, created_at, updated_at) values ('Khăn giấy', 60000, 'Cái', '1/1/2021', '1/2/2021');
insert into NECESSITIES (name, price, unit, created_at, updated_at) values ('Găng tay', 50000, 'Đôi', '1/1/2021', '1/2/2021');

insert into RECORD_STATUS_HISTORY (id_patient, exposed_status, created_at, updated_at) values (1, 3, '8/3/2021', '9/10/2021');
insert into RECORD_STATUS_HISTORY (id_patient, exposed_status, created_at, updated_at) values (2, 1, '3/30/2021', '4/27/2021');
insert into RECORD_STATUS_HISTORY (id_patient, exposed_status, created_at, updated_at) values (3, 1, '1/24/2021', '2/26/2021');
insert into RECORD_STATUS_HISTORY (id_patient, exposed_status, created_at, updated_at) values (4, 3, '6/7/2021', '7/10/2021');
insert into RECORD_STATUS_HISTORY (id_patient, exposed_status, created_at, updated_at) values (5, 0, '8/8/2021', '9/3/2021');
insert into RECORD_STATUS_HISTORY (id_patient, exposed_status, created_at, updated_at) values (6, 3, '5/2/2021', '6/10/2021');
insert into RECORD_STATUS_HISTORY (id_patient, exposed_status, created_at, updated_at) values (7, 3, '9/6/2021', '10/1/2021');
insert into RECORD_STATUS_HISTORY (id_patient, exposed_status, created_at, updated_at) values (8, 3, '10/18/2021', '11/30/2021');
insert into RECORD_STATUS_HISTORY (id_patient, exposed_status, created_at, updated_at) values (9, 0, '12/1/2020', '12/13/2021');
insert into RECORD_STATUS_HISTORY (id_patient, exposed_status, created_at, updated_at) values (10, 3, '4/1/2021', '5/17/2021');
insert into RECORD_STATUS_HISTORY (id_patient, exposed_status, created_at, updated_at) values (11, 2, '8/6/2021', '9/7/2021');
insert into RECORD_STATUS_HISTORY (id_patient, exposed_status, created_at, updated_at) values (12, 3, '3/21/2021', '4/6/2021');
insert into RECORD_STATUS_HISTORY (id_patient, exposed_status, created_at, updated_at) values (13, 1, '1/2/2021', '2/16/2021');
insert into RECORD_STATUS_HISTORY (id_patient, exposed_status, created_at, updated_at) values (14, 3, '6/16/2021', '7/23/2021');
insert into RECORD_STATUS_HISTORY (id_patient, exposed_status, created_at, updated_at) values (15, 3, '8/16/2021', '9/12/2021');
insert into RECORD_STATUS_HISTORY (id_patient, exposed_status, created_at, updated_at) values (16, 3, '5/25/2021', '6/4/2021');
insert into RECORD_STATUS_HISTORY (id_patient, exposed_status, created_at, updated_at) values (17, 3, '9/16/2021', '10/4/2021');
insert into RECORD_STATUS_HISTORY (id_patient, exposed_status, created_at, updated_at) values (18, 3, '10/30/2021', '11/3/2021');
insert into RECORD_STATUS_HISTORY (id_patient, exposed_status, created_at, updated_at) values (19, 0, '12/1/2020', '12/7/2021');
insert into RECORD_STATUS_HISTORY (id_patient, exposed_status, created_at, updated_at) values (20, 3, '4/5/2021', '5/6/2021');

--insert into RECORD_HOSPITAL_HISTORY (id_field_hospital, id_patient, id_hospital_his, created_at, updated_at) values (2, 1, 1, '9/5/2021', '10/6/2021');
insert into RECORD_HOSPITAL_HISTORY (id_field_hospital, id_patient, created_at, updated_at) values (1, 1, '8/3/2021', '9/10/2021');
insert into RECORD_HOSPITAL_HISTORY (id_field_hospital, id_patient, created_at, updated_at) values (1, 2, '3/30/2021', '4/27/2021');
insert into RECORD_HOSPITAL_HISTORY (id_field_hospital, id_patient, created_at, updated_at) values (2, 3, '1/24/2021', '2/26/2021');
insert into RECORD_HOSPITAL_HISTORY (id_field_hospital, id_patient, created_at, updated_at) values (2, 4, '6/7/2021', '7/10/2021');
insert into RECORD_HOSPITAL_HISTORY (id_field_hospital, id_patient, created_at, updated_at) values (3, 5, '8/8/2021', '9/3/2021');
insert into RECORD_HOSPITAL_HISTORY (id_field_hospital, id_patient, created_at, updated_at) values (3, 6, '5/2/2021', '6/10/2021');
insert into RECORD_HOSPITAL_HISTORY (id_field_hospital, id_patient, created_at, updated_at) values (4, 7, '9/6/2021', '10/1/2021');
insert into RECORD_HOSPITAL_HISTORY (id_field_hospital, id_patient, created_at, updated_at) values (4, 8, '10/18/2021', '11/30/2021');
insert into RECORD_HOSPITAL_HISTORY (id_field_hospital, id_patient, created_at, updated_at) values (5, 9, '12/1/2020', '12/13/2021');
insert into RECORD_HOSPITAL_HISTORY (id_field_hospital, id_patient, created_at, updated_at) values (5, 10, '4/1/2021', '5/17/2021');
insert into RECORD_HOSPITAL_HISTORY (id_field_hospital, id_patient, created_at, updated_at) values (6, 11, '8/6/2021', '9/7/2021');
insert into RECORD_HOSPITAL_HISTORY (id_field_hospital, id_patient, created_at, updated_at) values (6, 12, '3/21/2021', '4/6/2021');
insert into RECORD_HOSPITAL_HISTORY (id_field_hospital, id_patient, created_at, updated_at) values (7, 13, '1/2/2021', '2/16/2021');
insert into RECORD_HOSPITAL_HISTORY (id_field_hospital, id_patient, created_at, updated_at) values (7, 14, '6/16/2021', '7/23/2021');
insert into RECORD_HOSPITAL_HISTORY (id_field_hospital, id_patient, created_at, updated_at) values (8, 15, '8/16/2021', '9/12/2021');
insert into RECORD_HOSPITAL_HISTORY (id_field_hospital, id_patient, created_at, updated_at) values (8, 16, '5/25/2021', '6/4/2021');
insert into RECORD_HOSPITAL_HISTORY (id_field_hospital, id_patient, created_at, updated_at) values (9, 17, '9/16/2021', '10/4/2021');
insert into RECORD_HOSPITAL_HISTORY (id_field_hospital, id_patient, created_at, updated_at) values (9, 18, '10/30/2021', '11/3/2021');
insert into RECORD_HOSPITAL_HISTORY (id_field_hospital, id_patient, created_at, updated_at) values (10, 19, '12/1/2020', '12/7/2021');
insert into RECORD_HOSPITAL_HISTORY (id_field_hospital, id_patient, created_at, updated_at) values (10, 20, '4/5/2021', '5/6/2021');

insert into PACKAGE_OF_NECESSITIES (name, max_facilities_number, price, expire_time, max_package_per_patient, created_at, updated_at) values ('Gói A', 2, 200000, '12/1/2021', 3, '1/1/2021', '1/2/2021');
insert into PACKAGE_OF_NECESSITIES (name, max_facilities_number, price, expire_time, max_package_per_patient, created_at, updated_at) values ('Gói B', 3, 300000, '12/1/2021', 3, '1/1/2021', '1/2/2021');
insert into PACKAGE_OF_NECESSITIES (name, max_facilities_number, price, expire_time, max_package_per_patient, created_at, updated_at) values ('Gói C', 4, 500000, '12/1/2021', 3, '1/1/2021', '1/2/2021');

insert into PATIENT_PACKAGE_USAGE (id_package, id_patient, payment_status, created_at, updated_at) values (2, 1, false, '8/3/2021', '9/10/2021');
insert into PATIENT_PACKAGE_USAGE (id_package, id_patient, payment_status, created_at, updated_at) values (1, 2, false, '3/30/2021', '4/27/2021');
insert into PATIENT_PACKAGE_USAGE (id_package, id_patient, payment_status, created_at, updated_at) values (3, 3, false, '1/24/2021', '2/26/2021');
insert into PATIENT_PACKAGE_USAGE (id_package, id_patient, payment_status, created_at, updated_at) values (2, 4, false, '6/7/2021', '7/10/2021');
insert into PATIENT_PACKAGE_USAGE (id_package, id_patient, payment_status, created_at, updated_at) values (1, 5, false, '8/8/2021', '9/3/2021');
insert into PATIENT_PACKAGE_USAGE (id_package, id_patient, payment_status, created_at, updated_at) values (3, 6, false, '5/2/2021', '6/10/2021');
insert into PATIENT_PACKAGE_USAGE (id_package, id_patient, payment_status, created_at, updated_at) values (2, 7, false, '9/6/2021', '10/1/2021');
insert into PATIENT_PACKAGE_USAGE (id_package, id_patient, payment_status, created_at, updated_at) values (1, 8, false, '10/18/2021', '11/30/2021');
insert into PATIENT_PACKAGE_USAGE (id_package, id_patient, payment_status, created_at, updated_at) values (3, 9, false, '12/1/2020', '12/13/2021');
insert into PATIENT_PACKAGE_USAGE (id_package, id_patient, payment_status, created_at, updated_at) values (2, 10, true, '4/1/2021', '5/17/2021');
insert into PATIENT_PACKAGE_USAGE (id_package, id_patient, payment_status, created_at, updated_at) values (1, 11, true, '8/6/2021', '9/7/2021');
insert into PATIENT_PACKAGE_USAGE (id_package, id_patient, payment_status, created_at, updated_at) values (3, 12, false, '3/21/2021', '4/6/2021');
insert into PATIENT_PACKAGE_USAGE (id_package, id_patient, payment_status, created_at, updated_at) values (2, 13, false, '1/2/2021', '2/16/2021');
insert into PATIENT_PACKAGE_USAGE (id_package, id_patient, payment_status, created_at, updated_at) values (1, 14, false, '6/16/2021', '7/23/2021');
insert into PATIENT_PACKAGE_USAGE (id_package, id_patient, payment_status, created_at, updated_at) values (3, 15, false, '8/16/2021', '9/12/2021');
insert into PATIENT_PACKAGE_USAGE (id_package, id_patient, payment_status, created_at, updated_at) values (2, 16, true, '5/25/2021', '6/4/2021');
insert into PATIENT_PACKAGE_USAGE (id_package, id_patient, payment_status, created_at, updated_at) values (1, 17, true, '9/16/2021', '10/4/2021');
insert into PATIENT_PACKAGE_USAGE (id_package, id_patient, payment_status, created_at, updated_at) values (3, 18, false, '10/30/2021', '11/3/2021');
insert into PATIENT_PACKAGE_USAGE (id_package, id_patient, payment_status, created_at, updated_at) values (2, 19, false, '12/1/2020', '12/7/2021');
insert into PATIENT_PACKAGE_USAGE (id_package, id_patient, payment_status, created_at, updated_at) values (1, 20, false, '4/5/2021', '5/6/2021');

insert into IMAGE_URL (id_necessities, url, created_at, updated_at) values (1, 'https://firebasestorage.googleapis.com/v0/b/facilitiesimgurl.appspot.com/o/%C4%90%E1%BB%93%20b%E1%BA%A3o%20h%E1%BB%99%2F%C4%90%E1%BB%93_b%E1%BA%A3o_h%E1%BB%991.jpg?alt=media&token=60b7731f-5613-43c4-bd1e-652109bddbd8', '1/1/2021', '1/2/2021');
insert into IMAGE_URL (id_necessities, url, created_at, updated_at) values (1, 'https://firebasestorage.googleapis.com/v0/b/facilitiesimgurl.appspot.com/o/%C4%90%E1%BB%93%20b%E1%BA%A3o%20h%E1%BB%99%2F%C4%90%E1%BB%93_b%E1%BA%A3o_h%E1%BB%992.jpg?alt=media&token=3e3adc10-aa93-4278-8ab7-d1766e08716c', '1/1/2021', '1/2/2021');
insert into IMAGE_URL (id_necessities, url, created_at, updated_at) values (1, 'https://firebasestorage.googleapis.com/v0/b/facilitiesimgurl.appspot.com/o/%C4%90%E1%BB%93%20b%E1%BA%A3o%20h%E1%BB%99%2F%C4%90%E1%BB%93_b%E1%BA%A3o_h%E1%BB%993.jpg?alt=media&token=f8c9b0af-a9ab-4718-ad32-0d7a0190b5a7', '1/1/2021', '1/2/2021');
insert into IMAGE_URL (id_necessities, url, created_at, updated_at) values (2, 'https://firebasestorage.googleapis.com/v0/b/facilitiesimgurl.appspot.com/o/Thu%E1%BB%91c%20h%E1%BA%A1%20s%E1%BB%91t%2Fha%20sot%201.jpg?alt=media&token=21e73e24-0f1c-46b1-bb5a-68d6ef9e8728', '1/1/2021', '1/2/2021');
insert into IMAGE_URL (id_necessities, url, created_at, updated_at) values (2, 'https://firebasestorage.googleapis.com/v0/b/facilitiesimgurl.appspot.com/o/Thu%E1%BB%91c%20h%E1%BA%A1%20s%E1%BB%91t%2Fha%20sot%202.jpg?alt=media&token=71e9fbcf-0a73-46bd-a87c-627b69d626f3', '1/1/2021', '1/2/2021');
insert into IMAGE_URL (id_necessities, url, created_at, updated_at) values (2, 'https://firebasestorage.googleapis.com/v0/b/facilitiesimgurl.appspot.com/o/Thu%E1%BB%91c%20h%E1%BA%A1%20s%E1%BB%91t%2Fha%20sot%203.jpg?alt=media&token=7da895d8-59f1-4216-8167-7dfaf7133c1f', '1/1/2021', '1/2/2021');
insert into IMAGE_URL (id_necessities, url, created_at, updated_at) values (3, 'https://firebasestorage.googleapis.com/v0/b/facilitiesimgurl.appspot.com/o/Thuoc%20xit%20mui%2FThuoc%20xit%20mui.jpg?alt=media&token=ded57666-430f-4147-8c8c-317aa62a77e6', '1/1/2021', '1/2/2021');
insert into IMAGE_URL (id_necessities, url, created_at, updated_at) values (3, 'https://firebasestorage.googleapis.com/v0/b/facilitiesimgurl.appspot.com/o/Thuoc%20xit%20mui%2FThuoc%20xit%20mui2.jpg?alt=media&token=d0f71a43-c485-48e2-ad31-b866ccd6c365', '1/1/2021', '1/2/2021');
insert into IMAGE_URL (id_necessities, url, created_at, updated_at) values (3, 'https://firebasestorage.googleapis.com/v0/b/facilitiesimgurl.appspot.com/o/Thuoc%20xit%20mui%2FThuoc%20xit%20mui3.jpg?alt=media&token=9c21b1fe-e470-4b94-8578-9d2c5f41f8ab', '1/1/2021', '1/2/2021');
insert into IMAGE_URL (id_necessities, url, created_at, updated_at) values (4, 'https://firebasestorage.googleapis.com/v0/b/facilitiesimgurl.appspot.com/o/Nuoc%20muoi%2FNuoc%20muoi.jpg?alt=media&token=41d4a139-97f3-419d-9ad7-944e7fba7b0c', '1/1/2021', '1/2/2021');
insert into IMAGE_URL (id_necessities, url, created_at, updated_at) values (4, 'https://firebasestorage.googleapis.com/v0/b/facilitiesimgurl.appspot.com/o/Nuoc%20muoi%2FNuoc%20muoi2.jpg?alt=media&token=46c9e00e-5820-4676-977e-b786833cfa78', '1/1/2021', '1/2/2021');
insert into IMAGE_URL (id_necessities, url, created_at, updated_at) values (4, 'https://firebasestorage.googleapis.com/v0/b/facilitiesimgurl.appspot.com/o/Nuoc%20muoi%2FNuoc%20muoi3.jpg?alt=media&token=3beea63a-3332-4780-b06e-85ce0543fb0e', '1/1/2021', '1/2/2021');
insert into IMAGE_URL (id_necessities, url, created_at, updated_at) values (5, 'https://firebasestorage.googleapis.com/v0/b/facilitiesimgurl.appspot.com/o/Nhiet%20ke%2FCap%20nhiet%20do1.jpg?alt=media&token=64af7983-5f43-45d8-895d-b0f61c9c843e', '1/1/2021', '1/2/2021');
insert into IMAGE_URL (id_necessities, url, created_at, updated_at) values (5, 'https://firebasestorage.googleapis.com/v0/b/facilitiesimgurl.appspot.com/o/Nhiet%20ke%2FNhiet%20ke%202.jpg?alt=media&token=b8418e20-67d1-4dcb-ba22-5444867a8420', '1/1/2021', '1/2/2021');
insert into IMAGE_URL (id_necessities, url, created_at, updated_at) values (5, 'https://firebasestorage.googleapis.com/v0/b/facilitiesimgurl.appspot.com/o/Nhiet%20ke%2FNhiet%20ke.jpg?alt=media&token=983dea47-f85a-4056-80c4-5421e3db6343', '1/1/2021', '1/2/2021');
insert into IMAGE_URL (id_necessities, url, created_at, updated_at) values (6, 'https://firebasestorage.googleapis.com/v0/b/facilitiesimgurl.appspot.com/o/Kit%20test%20nhanh%2Fkit_test_nhanh1.png?alt=media&token=e94b0ea9-56cd-4f90-ae09-a42ea834db57', '1/1/2021', '1/2/2021');
insert into IMAGE_URL (id_necessities, url, created_at, updated_at) values (6, 'https://firebasestorage.googleapis.com/v0/b/facilitiesimgurl.appspot.com/o/Kit%20test%20nhanh%2Fkit_test_nhanh2.jpg?alt=media&token=64d9d277-bca8-4da2-b420-ae2e937b2b7a', '1/1/2021', '1/2/2021');
insert into IMAGE_URL (id_necessities, url, created_at, updated_at) values (6, 'https://firebasestorage.googleapis.com/v0/b/facilitiesimgurl.appspot.com/o/Kit%20test%20nhanh%2Fkit_test_nhanh3.jpg?alt=media&token=e086f849-a73e-4eff-96eb-37c7fdcc1d0a', '1/1/2021', '1/2/2021');
insert into IMAGE_URL (id_necessities, url, created_at, updated_at) values (7, 'https://firebasestorage.googleapis.com/v0/b/facilitiesimgurl.appspot.com/o/Kinh%20bao%20ho%2Fkinh%20bao%20ho1.jpg?alt=media&token=2bb52bc9-8d32-4cd7-8d2d-16ccec9c1516', '1/1/2021', '1/2/2021');
insert into IMAGE_URL (id_necessities, url, created_at, updated_at) values (7, 'https://firebasestorage.googleapis.com/v0/b/facilitiesimgurl.appspot.com/o/Kinh%20bao%20ho%2Fkinh%20bao%20ho2.jpg?alt=media&token=d279270f-4e09-46c7-b033-f3ca1dad0c7a', '1/1/2021', '1/2/2021');
insert into IMAGE_URL (id_necessities, url, created_at, updated_at) values (7, 'https://firebasestorage.googleapis.com/v0/b/facilitiesimgurl.appspot.com/o/Kinh%20bao%20ho%2Fkinh%20bao%20ho3.jpg?alt=media&token=059c1a8b-0c0f-4dfc-8628-3196e189c88f', '1/1/2021', '1/2/2021');
insert into IMAGE_URL (id_necessities, url, created_at, updated_at) values (8, 'https://firebasestorage.googleapis.com/v0/b/facilitiesimgurl.appspot.com/o/Kh%E1%BA%A9u%20trang%2Fkhau_trang1.jpg?alt=media&token=56f62645-9ba0-4cf8-bc42-1dd185cf59d8', '1/1/2021', '1/2/2021');
insert into IMAGE_URL (id_necessities, url, created_at, updated_at) values (8, 'https://firebasestorage.googleapis.com/v0/b/facilitiesimgurl.appspot.com/o/Kh%E1%BA%A9u%20trang%2Fkhau_trang2.jpg?alt=media&token=b0b60b0a-2943-48ab-b7ce-f5c9fa2151c6', '1/1/2021', '1/2/2021');
insert into IMAGE_URL (id_necessities, url, created_at, updated_at) values (8, 'https://firebasestorage.googleapis.com/v0/b/facilitiesimgurl.appspot.com/o/Kh%E1%BA%A9u%20trang%2Fkhau_trang3.jpg?alt=media&token=4228dcb7-5061-4a2a-be68-fd84ac898dd0', '1/1/2021', '1/2/2021');
insert into IMAGE_URL (id_necessities, url, created_at, updated_at) values (9, 'https://firebasestorage.googleapis.com/v0/b/facilitiesimgurl.appspot.com/o/Khan%20giay%20kho%2FKhan%20Giay%20Kho.jpg?alt=media&token=3654ac02-2890-4739-9c3b-1dbe78e4e37d', '1/1/2021', '1/2/2021');
insert into IMAGE_URL (id_necessities, url, created_at, updated_at) values (9, 'https://firebasestorage.googleapis.com/v0/b/facilitiesimgurl.appspot.com/o/Khan%20giay%20kho%2FKhan%20Giay%20Kho2.jpg?alt=media&token=7bca246b-30ab-4fd4-8388-c5515f58124e', '1/1/2021', '1/2/2021');
insert into IMAGE_URL (id_necessities, url, created_at, updated_at) values (9, 'https://firebasestorage.googleapis.com/v0/b/facilitiesimgurl.appspot.com/o/Khan%20giay%20kho%2FKhan%20Giay%20Kho3.jpg?alt=media&token=027ea34c-ec46-4637-96d7-880bc7dee271', '1/1/2021', '1/2/2021');
insert into IMAGE_URL (id_necessities, url, created_at, updated_at) values (10, 'https://firebasestorage.googleapis.com/v0/b/facilitiesimgurl.appspot.com/o/Gang%20tay%2Fgang%20tay%20bao%20ho1.jpg?alt=media&token=16d57730-1840-485e-8533-59812902e6ff', '1/1/2021', '1/2/2021');
insert into IMAGE_URL (id_necessities, url, created_at, updated_at) values (10, 'https://firebasestorage.googleapis.com/v0/b/facilitiesimgurl.appspot.com/o/Gang%20tay%2Fgang%20tay%20bao%20ho2.jpg?alt=media&token=1ab50342-15b4-4f44-b3df-bbe093d025a7', '1/1/2021', '1/2/2021');
insert into IMAGE_URL (id_necessities, url, created_at, updated_at) values (10, 'https://firebasestorage.googleapis.com/v0/b/facilitiesimgurl.appspot.com/o/Gang%20tay%2Fgang%20tay%20bao%20ho3.jpg?alt=media&token=728dbb92-cb04-4863-9935-e13d67dfc3fd', '1/1/2021', '1/2/2021');

--insert into EXPOSED_RELATIVE_PATIENT (id_patient, relative_patient_id, created_at, updated_at) values (1, 2, '9/15/2021', '3/22/2021');
insert into EXPOSED_RELATIVE_PATIENT (id_patient, relative_patient_id, created_at, updated_at) values (1, 11, '9/15/2021', '3/22/2021');
insert into EXPOSED_RELATIVE_PATIENT (id_patient, relative_patient_id, created_at, updated_at) values (2, 5, '9/15/2021', '3/22/2021');
insert into EXPOSED_RELATIVE_PATIENT (id_patient, relative_patient_id, created_at, updated_at) values (3, 5, '9/15/2021', '3/22/2021');
insert into EXPOSED_RELATIVE_PATIENT (id_patient, relative_patient_id, created_at, updated_at) values (4, 11, '9/15/2021', '3/22/2021');
insert into EXPOSED_RELATIVE_PATIENT (id_patient, relative_patient_id, created_at, updated_at) values (6, 11, '9/15/2021', '3/22/2021');
insert into EXPOSED_RELATIVE_PATIENT (id_patient, relative_patient_id, created_at, updated_at) values (7, 11, '9/15/2021', '3/22/2021');
insert into EXPOSED_RELATIVE_PATIENT (id_patient, relative_patient_id, created_at, updated_at) values (8, 11, '9/15/2021', '3/22/2021');
insert into EXPOSED_RELATIVE_PATIENT (id_patient, relative_patient_id, created_at, updated_at) values (10, 11, '9/15/2021', '3/22/2021');
insert into EXPOSED_RELATIVE_PATIENT (id_patient, relative_patient_id, created_at, updated_at) values (11, 3, '9/15/2021', '3/22/2021');
insert into EXPOSED_RELATIVE_PATIENT (id_patient, relative_patient_id, created_at, updated_at) values (12, 11, '9/15/2021', '3/22/2021');
insert into EXPOSED_RELATIVE_PATIENT (id_patient, relative_patient_id, created_at, updated_at) values (13, 9, '9/15/2021', '3/22/2021');
insert into EXPOSED_RELATIVE_PATIENT (id_patient, relative_patient_id, created_at, updated_at) values (14, 11, '9/15/2021', '3/22/2021');
insert into EXPOSED_RELATIVE_PATIENT (id_patient, relative_patient_id, created_at, updated_at) values (15, 11, '9/15/2021', '3/22/2021');
insert into EXPOSED_RELATIVE_PATIENT (id_patient, relative_patient_id, created_at, updated_at) values (16, 11, '9/15/2021', '3/22/2021');
insert into EXPOSED_RELATIVE_PATIENT (id_patient, relative_patient_id, created_at, updated_at) values (17, 11, '9/15/2021', '3/22/2021');
insert into EXPOSED_RELATIVE_PATIENT (id_patient, relative_patient_id, created_at, updated_at) values (18, 11, '9/15/2021', '3/22/2021');
insert into EXPOSED_RELATIVE_PATIENT (id_patient, relative_patient_id, created_at, updated_at) values (20, 11, '9/15/2021', '3/22/2021');

insert into DETAILED_PACKAGE (id_package, id_necessities, quatity, max_quality, created_at, updated_at) values (1, 1, 5, 10, '1/1/2021', '1/2/2021');
insert into DETAILED_PACKAGE (id_package, id_necessities, quatity, max_quality, created_at, updated_at) values (1, 2, 5, 10, '1/1/2021', '1/2/2021');
insert into DETAILED_PACKAGE (id_package, id_necessities, quatity, max_quality, created_at, updated_at) values (2, 3, 5, 10, '1/1/2021', '1/2/2021');
insert into DETAILED_PACKAGE (id_package, id_necessities, quatity, max_quality, created_at, updated_at) values (2, 4, 5, 10, '1/1/2021', '1/2/2021');
insert into DETAILED_PACKAGE (id_package, id_necessities, quatity, max_quality, created_at, updated_at) values (2, 5, 5, 10, '1/1/2021', '1/2/2021');
insert into DETAILED_PACKAGE (id_package, id_necessities, quatity, max_quality, created_at, updated_at) values (2, 6, 5, 10, '1/1/2021', '1/2/2021');
insert into DETAILED_PACKAGE (id_package, id_necessities, quatity, max_quality, created_at, updated_at) values (3, 7, 5, 10, '1/1/2021', '1/2/2021');
insert into DETAILED_PACKAGE (id_package, id_necessities, quatity, max_quality, created_at, updated_at) values (3, 8, 5, 10, '1/1/2021', '1/2/2021');
insert into DETAILED_PACKAGE (id_package, id_necessities, quatity, max_quality, created_at, updated_at) values (3, 9, 5, 10, '1/1/2021', '1/2/2021');
insert into DETAILED_PACKAGE (id_package, id_necessities, quatity, max_quality, created_at, updated_at) values (3, 10, 5, 10, '1/1/2021', '1/2/2021');

insert into ACCOUNT (id_user, card_number, balance, created_at, updated_at) values (1, '5610486812817338', 1582011, '3/1/2021', '9/26/2021');
insert into ACCOUNT (id_user, card_number, balance, created_at, updated_at) values (2, '5602225071499903', 3012024, '4/30/2021', '6/14/2021');
insert into ACCOUNT (id_user, card_number, balance, created_at, updated_at) values (3, '5602225782593408', 3239300, '6/12/2021', '9/16/2021');
insert into ACCOUNT (id_user, card_number, balance, created_at, updated_at) values (4, '5602210535160838', 5919632, '3/27/2021', '10/18/2021');
insert into ACCOUNT (id_user, card_number, balance, created_at, updated_at) values (5, '5602248603897402', 7612979, '11/2/2021', '2/12/2021');
insert into ACCOUNT (id_user, card_number, balance, created_at, updated_at) values (6, '5602256893815646', 8753989, '2/1/2021', '12/30/2020');
insert into ACCOUNT (id_user, card_number, balance, created_at, updated_at) values (7, '5602228264876259', 8065078, '4/24/2021', '11/24/2021');
insert into ACCOUNT (id_user, card_number, balance, created_at, updated_at) values (8, '5610674321779541', 4328497, '1/8/2021', '7/8/2021');
insert into ACCOUNT (id_user, card_number, balance, created_at, updated_at) values (9, '5602254614448177', 5881035, '12/2/2021', '7/18/2021');
insert into ACCOUNT (id_user, card_number, balance, created_at, updated_at) values (10, '5602212587339231', 9948344, '1/15/2021', '12/8/2021');
insert into ACCOUNT (id_user, card_number, balance, created_at, updated_at) values (11, '5602212187339231', 9948344, '1/15/2021', '12/8/2021');
insert into ACCOUNT (id_user, card_number, balance, created_at, updated_at) values (12, '5602212187379231', 9948344, '1/15/2021', '12/8/2021');
insert into ACCOUNT (id_user, card_number, balance, created_at, updated_at) values (13, '5602212187339231', 9948344, '1/15/2021', '12/8/2021');
insert into ACCOUNT (id_user, card_number, balance, created_at, updated_at) values (14, '5602212147339231', 9948344, '1/15/2021', '12/8/2021');
insert into ACCOUNT (id_user, card_number, balance, created_at, updated_at) values (15, '5602212187369231', 9948344, '1/15/2021', '12/8/2021');
insert into ACCOUNT (id_user, card_number, balance, created_at, updated_at) values (16, '5602212187639231', 9948344, '1/15/2021', '12/8/2021');
insert into ACCOUNT (id_user, card_number, balance, created_at, updated_at) values (17, '5602512187339231', 9948344, '1/15/2021', '12/8/2021');
insert into ACCOUNT (id_user, card_number, balance, created_at, updated_at) values (18, '5602212167339231', 9948344, '1/15/2021', '12/8/2021');
insert into ACCOUNT (id_user, card_number, balance, created_at, updated_at) values (19, '5602212187337235', 9948344, '1/15/2021', '12/8/2021');
insert into ACCOUNT (id_user, card_number, balance, created_at, updated_at) values (20, '5602212187339234', 9948344, '1/15/2021', '12/8/2021');

insert into PATIENT_PACKAGE_CHANGE (id_patient, id_package, id_necessities, changed_quatity, created_at, updated_at) values (1, 2, 3, 3, '8/3/2021', '8/3/2021');
insert into PATIENT_PACKAGE_CHANGE (id_patient, id_package, id_necessities, changed_quatity, created_at, updated_at) values (1, 2, 4, 1, '8/3/2021', '8/3/2021');
insert into PATIENT_PACKAGE_CHANGE (id_patient, id_package, id_necessities, changed_quatity, created_at, updated_at) values (2, 1, 1, 3, '9/15/2021', '9/16/2021');
insert into PATIENT_PACKAGE_CHANGE (id_patient, id_package, id_necessities, changed_quatity, created_at, updated_at) values (3, 2, 6, 2, '1/15/2021', '12/8/2021');
insert into PATIENT_PACKAGE_CHANGE (id_patient, id_package, id_necessities, changed_quatity, created_at, updated_at) values (3, 3, 8, 3, '1/15/2021', '12/8/2021');
insert into PATIENT_PACKAGE_CHANGE (id_patient, id_package, id_necessities, changed_quatity, created_at, updated_at) values (4, 2, 5, 1, '1/15/2021', '12/8/2021');
insert into PATIENT_PACKAGE_CHANGE (id_patient, id_package, id_necessities, changed_quatity, created_at, updated_at) values (5, 1, 1, 3, '1/15/2021', '12/8/2021');
insert into PATIENT_PACKAGE_CHANGE (id_patient, id_package, id_necessities, changed_quatity, created_at, updated_at) values (5, 1, 2, 1, '1/15/2021', '12/8/2021');
insert into PATIENT_PACKAGE_CHANGE (id_patient, id_package, id_necessities, changed_quatity, created_at, updated_at) values (6, 2, 6, 3, '1/15/2021', '12/8/2021');
insert into PATIENT_PACKAGE_CHANGE (id_patient, id_package, id_necessities, changed_quatity, created_at, updated_at) values (7, 2, 3, 2, '1/15/2021', '12/8/2021');
insert into PATIENT_PACKAGE_CHANGE (id_patient, id_package, id_necessities, changed_quatity, created_at, updated_at) values (8, 1, 2, 4, '1/15/2021', '12/8/2021');
insert into PATIENT_PACKAGE_CHANGE (id_patient, id_package, id_necessities, changed_quatity, created_at, updated_at) values (8, 1, 2, 5, '1/15/2021', '12/8/2021');
insert into PATIENT_PACKAGE_CHANGE (id_patient, id_package, id_necessities, changed_quatity, created_at, updated_at) values (9, 2, 6, 3, '1/15/2021', '12/8/2021');
insert into PATIENT_PACKAGE_CHANGE (id_patient, id_package, id_necessities, changed_quatity, created_at, updated_at) values (9, 3, 7, 3, '1/15/2021', '12/8/2021');
insert into PATIENT_PACKAGE_CHANGE (id_patient, id_package, id_necessities, changed_quatity, created_at, updated_at) values (10, 2, 3, 1, '1/15/2021', '12/8/2021');
insert into PATIENT_PACKAGE_CHANGE (id_patient, id_package, id_necessities, changed_quatity, created_at, updated_at) values (10, 2, 4, 5, '1/15/2021', '12/8/2021');
insert into PATIENT_PACKAGE_CHANGE (id_patient, id_package, id_necessities, changed_quatity, created_at, updated_at) values (13, 2, 5, 2, '1/15/2021', '12/8/2021');
insert into PATIENT_PACKAGE_CHANGE (id_patient, id_package, id_necessities, changed_quatity, created_at, updated_at) values (14, 1, 2, 1, '1/15/2021', '12/8/2021');
insert into PATIENT_PACKAGE_CHANGE (id_patient, id_package, id_necessities, changed_quatity, created_at, updated_at) values (15, 3, 7, 5, '1/15/2021', '12/8/2021');
insert into PATIENT_PACKAGE_CHANGE (id_patient, id_package, id_necessities, changed_quatity, created_at, updated_at) values (20, 1, 1, 2, '1/15/2021', '12/8/2021');

